{
  "project_info": {
    "project_number": "727803986909",
    "project_id": "speedalerts-3b760",
    "storage_bucket": "speedalerts-3b760.firebasestorage.app"
  },
  "client": [
    {
      "client_info": {
        "mobilesdk_app_id": "1:727803986909:android:fe1043462d082446876c34",
        "android_client_info": {
          "package_name": "com.example.speedalert"
        }
      },
      "oauth_client": [],
      "api_key": [
        {
          "current_key": "AIzaSyCpGeyOtBRNilR-MN5WGCPQPqSYwtNAvsI"
        }
      ],
      "services": {
        "appinvite_service": {
          "other_platform_oauth_client": []
        }
      }
    }
  ],
  "configuration_version": "1"
}